{"stats":{"minecraft:crafted":{"minecraft:wooden_sword":1,"minecraft:oak_planks":88,"minecraft:stone_shovel":1,"minecraft:oak_sign":3,"minecraft:cooked_chicken":3,"minecraft:furnace":1,"minecraft:diamond_helmet":1,"minecraft:iron_boots":1,"minecraft:diamond_leggings":1,"minecraft:iron_axe":1,"minecraft:stone_pickaxe":4,"minecraft:chest":1,"minecraft:diamond_boots":1,"minecraft:wooden_shovel":1,"minecraft:diamond_sword":1,"minecraft:cooked_porkchop":2,"minecraft:crafting_table":1,"minecraft:wooden_pickaxe":1,"minecraft:iron_helmet":1,"minecraft:iron_chestplate":1,"minecraft:diamond_pickaxe":1,"minecraft:shield":2,"minecraft:stick":28,"minecraft:iron_ingot":44,"minecraft:iron_pickaxe":1,"minecraft:wooden_axe":1,"minecraft:stone_sword":1,"minecraft:iron_leggings":1,"minecraft:diamond_chestplate":1},"minecraft:used":{"minecraft:stone_shovel":60,"minecraft:oak_sign":3,"minecraft:chest":1,"minecraft:wooden_shovel":12,"minecraft:rotten_flesh":3,"minecraft:cooked_chicken":4,"minecraft:netherrack":2,"minecraft:iron_chestplate":1,"minecraft:dirt":21,"minecraft:granite":10,"minecraft:wooden_axe":20,"minecraft:iron_axe":41,"minecraft:iron_helmet":1,"minecraft:iron_boots":1,"minecraft:furnace":3,"minecraft:cobbled_deepslate":122,"minecraft:iron_leggings":1,"minecraft:stone_pickaxe":497,"minecraft:wooden_pickaxe":5,"minecraft:salmon":3,"minecraft:sand":1,"minecraft:crafting_table":13,"minecraft:white_bed":2,"minecraft:cod":1,"minecraft:diamond_pickaxe":1041,"minecraft:chicken":1,"minecraft:iron_pickaxe":250,"minecraft:diamond_sword":344,"minecraft:wooden_sword":60,"minecraft:cobblestone":64,"minecraft:porkchop":3,"minecraft:cooked_porkchop":2},"minecraft:mined":{"minecraft:nether_gold_ore":19,"minecraft:tuff":17,"minecraft:white_bed":1,"minecraft:deepslate_diamond_ore":58,"minecraft:granite":30,"minecraft:grass_block":10,"minecraft:oak_wall_sign":3,"minecraft:furnace":3,"minecraft:iron_ore":73,"minecraft:cobbled_deepslate":2,"minecraft:andesite":15,"minecraft:dirt_path":2,"minecraft:stone":200,"minecraft:crafting_table":12,"minecraft:short_grass":18,"minecraft:chest":1,"minecraft:tall_grass":3,"minecraft:nether_quartz_ore":12,"minecraft:copper_ore":1,"minecraft:deepslate_gold_ore":6,"minecraft:diorite":37,"minecraft:deepslate_copper_ore":1,"minecraft:birch_log":10,"minecraft:oak_log":45,"minecraft:coal_ore":13,"minecraft:gravel":15,"minecraft:sand":4,"minecraft:dirt":47,"minecraft:netherrack":933,"minecraft:ancient_debris":11,"minecraft:oak_leaves":17,"minecraft:deepslate":316},"minecraft:custom":{"minecraft:mob_kills":78,"minecraft:interact_with_crafting_table":33,"minecraft:leave_game":7,"minecraft:time_since_death":138734,"minecraft:sprint_one_cm":101733,"minecraft:walk_one_cm":250784,"minecraft:drop":34,"minecraft:play_time":138734,"minecraft:sneak_time":2964,"minecraft:walk_under_water_one_cm":4886,"minecraft:boat_one_cm":54578,"minecraft:jump":1019,"minecraft:walk_on_water_one_cm":16095,"minecraft:total_world_time":138734,"minecraft:interact_with_furnace":29,"minecraft:sleep_in_bed":2,"minecraft:time_since_rest":540,"minecraft:damage_taken":631,"minecraft:damage_dealt":11039,"minecraft:swim_one_cm":19806,"minecraft:fly_one_cm":62264,"minecraft:open_chest":11,"minecraft:crouch_one_cm":3413,"minecraft:fall_one_cm":12292},"minecraft:killed":{"minecraft:spider":47,"minecraft:cod":6,"minecraft:skeleton":3,"minecraft:chicken":4,"minecraft:drowned":1,"minecraft:pig":4,"minecraft:salmon":3,"minecraft:bat":1,"minecraft:creeper":3,"minecraft:zombie":5},"minecraft:picked_up":{"minecraft:wooden_axe":3,"minecraft:crafting_table":13,"minecraft:chicken":4,"minecraft:string":10,"minecraft:raw_copper":8,"minecraft:oak_sign":3,"minecraft:cobbled_deepslate":230,"minecraft:chest":1,"minecraft:furnace":3,"minecraft:raw_iron":96,"minecraft:stick":10,"minecraft:bowl":1,"minecraft:porkchop":5,"minecraft:diorite":37,"minecraft:redstone":1,"minecraft:stone_sword":2,"minecraft:arrow":1,"minecraft:stone_shovel":1,"minecraft:rotten_flesh":4,"minecraft:beetroot_seeds":8,"minecraft:cod":1,"minecraft:cobblestone":262,"minecraft:birch_log":10,"minecraft:feather":3,"minecraft:salmon":3,"minecraft:andesite":18,"minecraft:flint":2,"minecraft:tuff":14,"minecraft:oak_log":48,"minecraft:ancient_debris":19,"minecraft:gunpowder":2,"minecraft:dirt":115,"minecraft:bone":1,"minecraft:kelp":1,"minecraft:wheat_seeds":5,"minecraft:raw_gold":12,"minecraft:iron_ingot":11,"minecraft:cooked_chicken":1,"minecraft:quartz":5,"minecraft:gravel":12,"minecraft:sand":3,"minecraft:white_bed":2,"minecraft:spider_eye":7,"minecraft:diamond":58,"minecraft:granite":30,"minecraft:warped_roots":1,"minecraft:oak_sapling":13,"minecraft:netherrack":399,"minecraft:coal":34},"minecraft:broken":{"minecraft:stone_pickaxe":4,"minecraft:wooden_sword":1,"minecraft:iron_pickaxe":1},"minecraft:dropped":{"minecraft:iron_ingot":14,"minecraft:wheat_seeds":5,"minecraft:diamond":29,"minecraft:iron_helmet":1,"minecraft:cobblestone":35,"minecraft:warped_roots":1,"minecraft:stick":1,"minecraft:dirt":94,"minecraft:wooden_axe":2,"minecraft:iron_leggings":1,"minecraft:sand":2,"minecraft:bone":1,"minecraft:gravel":12,"minecraft:kelp":1,"minecraft:stone_sword":3,"minecraft:raw_copper":8,"minecraft:stone_shovel":1,"minecraft:rotten_flesh":1,"minecraft:oak_planks":27,"minecraft:iron_boots":1,"minecraft:iron_chestplate":1,"minecraft:oak_sapling":13,"minecraft:spider_eye":2,"minecraft:netherrack":16}},"DataVersion":3953}