{"stats":{"minecraft:broken":{"minecraft:stone_pickaxe":4,"minecraft:wooden_sword":1,"minecraft:iron_pickaxe":1},"minecraft:crafted":{"minecraft:wooden_sword":1,"minecraft:oak_planks":88,"minecraft:wooden_shovel":1,"minecraft:stone_shovel":1,"minecraft:oak_sign":3,"minecraft:diamond_sword":1,"minecraft:cooked_porkchop":2,"minecraft:crafting_table":1,"minecraft:wooden_pickaxe":1,"minecraft:cooked_chicken":3,"minecraft:iron_helmet":1,"minecraft:furnace":1,"minecraft:diamond_pickaxe":1,"minecraft:diamond_helmet":1,"minecraft:iron_chestplate":1,"minecraft:diamond_leggings":1,"minecraft:iron_boots":1,"minecraft:shield":2,"minecraft:iron_axe":1,"minecraft:stick":28,"minecraft:chest":1,"minecraft:iron_ingot":44,"minecraft:iron_pickaxe":1,"minecraft:stone_pickaxe":4,"minecraft:wooden_axe":1,"minecraft:stone_sword":1,"minecraft:diamond_boots":1,"minecraft:iron_leggings":1,"minecraft:diamond_chestplate":1},"minecraft:killed":{"minecraft:pig":4,"minecraft:salmon":3,"minecraft:spider":47,"minecraft:bat":1,"minecraft:cod":6,"minecraft:creeper":3,"minecraft:skeleton":3,"minecraft:zombie":4,"minecraft:chicken":4,"minecraft:drowned":1},"minecraft:custom":{"minecraft:interact_with_furnace":29,"minecraft:mob_kills":77,"minecraft:interact_with_crafting_table":33,"minecraft:leave_game":7,"minecraft:time_since_death":123611,"minecraft:sleep_in_bed":1,"minecraft:time_since_rest":40656,"minecraft:sprint_one_cm":97780,"minecraft:damage_taken":461,"minecraft:walk_one_cm":215126,"minecraft:drop":28,"minecraft:damage_dealt":10838,"minecraft:swim_one_cm":19806,"minecraft:fly_one_cm":60941,"minecraft:open_chest":9,"minecraft:crouch_one_cm":1457,"minecraft:play_time":123611,"minecraft:sneak_time":2443,"minecraft:walk_under_water_one_cm":4886,"minecraft:boat_one_cm":54578,"minecraft:jump":904,"minecraft:walk_on_water_one_cm":16095,"minecraft:total_world_time":123611,"minecraft:fall_one_cm":11812},"minecraft:mined":{"minecraft:nether_gold_ore":19,"minecraft:tuff":17,"minecraft:white_bed":1,"minecraft:deepslate_diamond_ore":58,"minecraft:crafting_table":11,"minecraft:granite":30,"minecraft:short_grass":18,"minecraft:grass_block":10,"minecraft:nether_quartz_ore":7,"minecraft:tall_grass":3,"minecraft:copper_ore":1,"minecraft:deepslate_gold_ore":6,"minecraft:diorite":37,"minecraft:deepslate_copper_ore":1,"minecraft:furnace":3,"minecraft:birch_log":10,"minecraft:iron_ore":73,"minecraft:cobbled_deepslate":2,"minecraft:andesite":15,"minecraft:oak_log":45,"minecraft:coal_ore":13,"minecraft:dirt_path":2,"minecraft:dirt":47,"minecraft:gravel":15,"minecraft:sand":4,"minecraft:stone":200,"minecraft:ancient_debris":8,"minecraft:netherrack":455,"minecraft:oak_leaves":17,"minecraft:deepslate":316},"minecraft:dropped":{"minecraft:iron_ingot":14,"minecraft:kelp":1,"minecraft:wheat_seeds":5,"minecraft:stone_sword":3,"minecraft:diamond":29,"minecraft:stone_shovel":1,"minecraft:rotten_flesh":1,"minecraft:iron_helmet":1,"minecraft:cobblestone":35,"minecraft:warped_roots":1,"minecraft:oak_planks":27,"minecraft:iron_boots":1,"minecraft:stick":1,"minecraft:dirt":92,"minecraft:iron_chestplate":1,"minecraft:wooden_axe":1,"minecraft:oak_sapling":13,"minecraft:iron_leggings":1,"minecraft:spider_eye":2,"minecraft:bone":1},"minecraft:picked_up":{"minecraft:wooden_axe":2,"minecraft:birch_log":10,"minecraft:crafting_table":12,"minecraft:feather":3,"minecraft:chicken":4,"minecraft:andesite":18,"minecraft:salmon":3,"minecraft:flint":2,"minecraft:tuff":14,"minecraft:oak_log":48,"minecraft:ancient_debris":8,"minecraft:gunpowder":2,"minecraft:string":10,"minecraft:dirt":115,"minecraft:raw_copper":8,"minecraft:bone":1,"minecraft:kelp":1,"minecraft:wheat_seeds":5,"minecraft:cobbled_deepslate":230,"minecraft:raw_gold":6,"minecraft:iron_ingot":11,"minecraft:cooked_chicken":1,"minecraft:furnace":3,"minecraft:stick":10,"minecraft:raw_iron":96,"minecraft:bowl":1,"minecraft:gravel":12,"minecraft:porkchop":5,"minecraft:sand":3,"minecraft:diorite":37,"minecraft:white_bed":2,"minecraft:redstone":1,"minecraft:spider_eye":7,"minecraft:stone_sword":2,"minecraft:rotten_flesh":4,"minecraft:arrow":1,"minecraft:stone_shovel":1,"minecraft:diamond":58,"minecraft:beetroot_seeds":8,"minecraft:granite":30,"minecraft:warped_roots":1,"minecraft:netherrack":127,"minecraft:oak_sapling":13,"minecraft:coal":29,"minecraft:cod":1,"minecraft:cobblestone":262},"minecraft:used":{"minecraft:stone_shovel":60,"minecraft:stone_pickaxe":497,"minecraft:oak_sign":3,"minecraft:chest":1,"minecraft:wooden_pickaxe":5,"minecraft:wooden_shovel":12,"minecraft:cooked_chicken":4,"minecraft:rotten_flesh":3,"minecraft:iron_chestplate":1,"minecraft:dirt":21,"minecraft:sand":1,"minecraft:crafting_table":13,"minecraft:white_bed":2,"minecraft:granite":10,"minecraft:wooden_axe":20,"minecraft:diamond_pickaxe":555,"minecraft:iron_pickaxe":250,"minecraft:chicken":1,"minecraft:iron_axe":39,"minecraft:iron_helmet":1,"minecraft:iron_boots":1,"minecraft:wooden_sword":60,"minecraft:diamond_sword":340,"minecraft:cobblestone":53,"minecraft:porkchop":3,"minecraft:furnace":3,"minecraft:cooked_porkchop":2,"minecraft:cobbled_deepslate":105,"minecraft:iron_leggings":1}},"DataVersion":3953}