{"stats":{"minecraft:used":{"minecraft:wooden_sword":13,"minecraft:dirt":2,"minecraft:crafting_table":1,"minecraft:dandelion":2},"minecraft:crafted":{"minecraft:wooden_sword":1,"minecraft:oak_planks":8,"minecraft:yellow_dye":1,"minecraft:crafting_table":1,"minecraft:stick":4},"minecraft:mined":{"minecraft:short_grass":2,"minecraft:grass_block":2,"minecraft:oak_log":4,"minecraft:dandelion":3},"minecraft:killed_by":{"minecraft:zombie_villager":1},"minecraft:picked_up":{"minecraft:leather":1,"minecraft:dandelion":3,"minecraft:oak_log":4,"minecraft:dirt":2},"minecraft:killed":{"minecraft:skeleton":1},"minecraft:custom":{"minecraft:time_since_rest":58,"minecraft:deaths":1,"minecraft:crouch_one_cm":340,"minecraft:play_time":2895,"minecraft:sprint_one_cm":6969,"minecraft:damage_taken":249,"minecraft:walk_one_cm":12157,"minecraft:sneak_time":54,"minecraft:mob_kills":2,"minecraft:jump":82,"minecraft:damage_dealt":639,"minecraft:leave_game":1,"minecraft:time_since_death":0,"minecraft:total_world_time":2895,"minecraft:interact_with_crafting_table":1,"minecraft:fall_one_cm":1672,"minecraft:fly_one_cm":18711}},"DataVersion":3953}