{"stats":{"minecraft:crafted":{"minecraft:crafting_table":1,"minecraft:stick":4,"minecraft:oak_planks":8},"minecraft:custom":{"minecraft:jump":16,"minecraft:time_since_rest":4946,"minecraft:sprint_one_cm":3896,"minecraft:play_time":4946,"minecraft:walk_on_water_one_cm":380,"minecraft:time_since_death":4946,"minecraft:walk_one_cm":1362,"minecraft:total_world_time":4946,"minecraft:walk_under_water_one_cm":240,"minecraft:swim_one_cm":1726,"minecraft:fall_one_cm":700,"minecraft:fly_one_cm":12224},"minecraft:mined":{"minecraft:short_grass":1,"minecraft:oak_log":2},"minecraft:picked_up":{"minecraft:oak_log":2}},"DataVersion":3953}