{"stats":{"minecraft:broken":{"minecraft:stone_pickaxe":3,"minecraft:wooden_sword":1},"minecraft:crafted":{"minecraft:wooden_sword":1,"minecraft:oak_planks":64,"minecraft:wooden_shovel":1,"minecraft:stone_shovel":1,"minecraft:cooked_porkchop":2,"minecraft:crafting_table":1,"minecraft:wooden_pickaxe":1,"minecraft:iron_helmet":1,"minecraft:cooked_chicken":3,"minecraft:furnace":1,"minecraft:iron_boots":1,"minecraft:iron_chestplate":1,"minecraft:stick":20,"minecraft:iron_ingot":44,"minecraft:iron_pickaxe":1,"minecraft:stone_pickaxe":4,"minecraft:wooden_axe":1,"minecraft:stone_sword":1,"minecraft:iron_leggings":1},"minecraft:killed":{"minecraft:pig":3,"minecraft:bat":1,"minecraft:creeper":2,"minecraft:skeleton":2,"minecraft:zombie":4,"minecraft:chicken":3},"minecraft:custom":{"minecraft:interact_with_furnace":28,"minecraft:mob_kills":16,"minecraft:interact_with_crafting_table":16,"minecraft:time_since_death":46946,"minecraft:time_since_rest":46946,"minecraft:sprint_one_cm":61902,"minecraft:damage_taken":135,"minecraft:walk_one_cm":67093,"minecraft:drop":2,"minecraft:damage_dealt":2573,"minecraft:swim_one_cm":1726,"minecraft:fly_one_cm":42519,"minecraft:play_time":46946,"minecraft:walk_under_water_one_cm":240,"minecraft:jump":272,"minecraft:walk_on_water_one_cm":1618,"minecraft:total_world_time":46946,"minecraft:fall_one_cm":3535},"minecraft:mined":{"minecraft:deepslate_diamond_ore":4,"minecraft:crafting_table":7,"minecraft:granite":29,"minecraft:short_grass":8,"minecraft:grass_block":6,"minecraft:tall_grass":2,"minecraft:copper_ore":1,"minecraft:diorite":37,"minecraft:furnace":3,"minecraft:iron_ore":73,"minecraft:andesite":15,"minecraft:oak_log":16,"minecraft:coal_ore":13,"minecraft:gravel":14,"minecraft:dirt":42,"minecraft:stone":180,"minecraft:oak_leaves":3,"minecraft:deepslate":25},"minecraft:picked_up":{"minecraft:crafting_table":7,"minecraft:feather":2,"minecraft:chicken":3,"minecraft:andesite":15,"minecraft:flint":2,"minecraft:oak_log":16,"minecraft:gunpowder":2,"minecraft:dirt":60,"minecraft:raw_copper":3,"minecraft:wheat_seeds":3,"minecraft:cobbled_deepslate":25,"minecraft:iron_ingot":11,"minecraft:furnace":3,"minecraft:raw_iron":96,"minecraft:gravel":12,"minecraft:porkchop":2,"minecraft:diorite":37,"minecraft:arrow":1,"minecraft:rotten_flesh":3,"minecraft:diamond":4,"minecraft:granite":29,"minecraft:oak_sapling":4,"minecraft:coal":29,"minecraft:cobblestone":180},"minecraft:dropped":{"minecraft:iron_ingot":5},"minecraft:used":{"minecraft:stone_pickaxe":415,"minecraft:stone_shovel":32,"minecraft:wooden_pickaxe":5,"minecraft:wooden_shovel":12,"minecraft:cooked_chicken":2,"minecraft:rotten_flesh":3,"minecraft:iron_chestplate":1,"minecraft:dirt":21,"minecraft:crafting_table":7,"minecraft:granite":10,"minecraft:wooden_axe":13,"minecraft:iron_pickaxe":4,"minecraft:iron_helmet":1,"minecraft:iron_boots":1,"minecraft:wooden_sword":60,"minecraft:cobblestone":12,"minecraft:furnace":3,"minecraft:cooked_porkchop":1,"minecraft:iron_leggings":1}},"DataVersion":3953}