{"stats":{"minecraft:broken":{"minecraft:stone_pickaxe":4,"minecraft:wooden_sword":1,"minecraft:iron_pickaxe":1},"minecraft:crafted":{"minecraft:wooden_sword":1,"minecraft:oak_planks":64,"minecraft:wooden_shovel":1,"minecraft:stone_shovel":1,"minecraft:diamond_sword":1,"minecraft:cooked_porkchop":2,"minecraft:crafting_table":1,"minecraft:wooden_pickaxe":1,"minecraft:iron_helmet":1,"minecraft:cooked_chicken":3,"minecraft:furnace":1,"minecraft:diamond_helmet":1,"minecraft:diamond_leggings":1,"minecraft:iron_boots":1,"minecraft:iron_chestplate":1,"minecraft:diamond_pickaxe":1,"minecraft:stick":24,"minecraft:iron_ingot":44,"minecraft:iron_pickaxe":1,"minecraft:stone_pickaxe":4,"minecraft:wooden_axe":1,"minecraft:stone_sword":1,"minecraft:diamond_boots":1,"minecraft:iron_leggings":1,"minecraft:diamond_chestplate":1},"minecraft:killed":{"minecraft:pig":3,"minecraft:bat":1,"minecraft:creeper":2,"minecraft:skeleton":3,"minecraft:zombie":4,"minecraft:chicken":3,"minecraft:drowned":1},"minecraft:custom":{"minecraft:interact_with_furnace":28,"minecraft:mob_kills":18,"minecraft:interact_with_crafting_table":22,"minecraft:leave_game":1,"minecraft:time_since_death":70372,"minecraft:time_since_rest":70372,"minecraft:sprint_one_cm":62188,"minecraft:damage_taken":187,"minecraft:walk_one_cm":93956,"minecraft:drop":12,"minecraft:damage_dealt":2963,"minecraft:swim_one_cm":12850,"minecraft:fly_one_cm":43612,"minecraft:play_time":70372,"minecraft:sneak_time":7,"minecraft:walk_under_water_one_cm":2617,"minecraft:jump":419,"minecraft:walk_on_water_one_cm":5387,"minecraft:total_world_time":70372,"minecraft:fall_one_cm":4589},"minecraft:mined":{"minecraft:tuff":17,"minecraft:deepslate_diamond_ore":58,"minecraft:crafting_table":10,"minecraft:granite":29,"minecraft:short_grass":10,"minecraft:grass_block":6,"minecraft:copper_ore":1,"minecraft:tall_grass":2,"minecraft:deepslate_gold_ore":6,"minecraft:diorite":37,"minecraft:deepslate_copper_ore":1,"minecraft:furnace":3,"minecraft:cobbled_deepslate":2,"minecraft:iron_ore":73,"minecraft:andesite":15,"minecraft:oak_log":16,"minecraft:coal_ore":13,"minecraft:gravel":15,"minecraft:dirt":42,"minecraft:stone":184,"minecraft:oak_leaves":3,"minecraft:deepslate":316},"minecraft:picked_up":{"minecraft:crafting_table":10,"minecraft:feather":2,"minecraft:chicken":3,"minecraft:andesite":15,"minecraft:flint":2,"minecraft:tuff":14,"minecraft:oak_log":16,"minecraft:gunpowder":2,"minecraft:dirt":60,"minecraft:raw_copper":8,"minecraft:bone":1,"minecraft:wheat_seeds":3,"minecraft:cobbled_deepslate":230,"minecraft:raw_gold":6,"minecraft:iron_ingot":11,"minecraft:furnace":3,"minecraft:stick":1,"minecraft:raw_iron":96,"minecraft:gravel":12,"minecraft:porkchop":2,"minecraft:diorite":37,"minecraft:stone_sword":2,"minecraft:arrow":1,"minecraft:rotten_flesh":4,"minecraft:diamond":58,"minecraft:granite":29,"minecraft:oak_sapling":4,"minecraft:coal":29,"minecraft:cobblestone":183},"minecraft:dropped":{"minecraft:iron_ingot":5,"minecraft:wheat_seeds":3,"minecraft:stone_sword":3,"minecraft:iron_helmet":1,"minecraft:iron_boots":1,"minecraft:stick":1,"minecraft:iron_chestplate":1,"minecraft:oak_sapling":4,"minecraft:iron_leggings":1},"minecraft:used":{"minecraft:stone_shovel":32,"minecraft:stone_pickaxe":497,"minecraft:wooden_pickaxe":5,"minecraft:wooden_shovel":12,"minecraft:cooked_chicken":2,"minecraft:rotten_flesh":3,"minecraft:iron_chestplate":1,"minecraft:dirt":21,"minecraft:crafting_table":10,"minecraft:granite":10,"minecraft:wooden_axe":13,"minecraft:diamond_pickaxe":49,"minecraft:iron_pickaxe":250,"minecraft:iron_helmet":1,"minecraft:iron_boots":1,"minecraft:diamond_sword":10,"minecraft:wooden_sword":60,"minecraft:cobblestone":12,"minecraft:furnace":3,"minecraft:cooked_porkchop":1,"minecraft:cobbled_deepslate":55,"minecraft:iron_leggings":1}},"DataVersion":3953}