{"stats":{"minecraft:crafted":{"minecraft:wooden_sword":2,"minecraft:oak_planks":152,"minecraft:stone_shovel":1,"minecraft:oak_sign":3,"minecraft:cooked_chicken":3,"minecraft:furnace":1,"minecraft:diamond_helmet":1,"minecraft:iron_boots":1,"minecraft:diamond_leggings":1,"minecraft:iron_axe":1,"minecraft:stone_pickaxe":5,"minecraft:chest":1,"minecraft:diamond_boots":1,"minecraft:wooden_shovel":1,"minecraft:diamond_sword":1,"minecraft:cooked_porkchop":2,"minecraft:crafting_table":1,"minecraft:wooden_pickaxe":2,"minecraft:iron_helmet":1,"minecraft:iron_chestplate":1,"minecraft:diamond_pickaxe":1,"minecraft:shield":2,"minecraft:stick":40,"minecraft:iron_ingot":44,"minecraft:iron_pickaxe":1,"minecraft:wooden_axe":2,"minecraft:stone_sword":1,"minecraft:iron_leggings":1,"minecraft:diamond_chestplate":1},"minecraft:used":{"minecraft:stone_shovel":68,"minecraft:oak_sign":3,"minecraft:chest":1,"minecraft:wooden_shovel":12,"minecraft:rotten_flesh":3,"minecraft:cooked_chicken":4,"minecraft:netherrack":2,"minecraft:iron_chestplate":1,"minecraft:dirt":21,"minecraft:granite":10,"minecraft:wooden_axe":22,"minecraft:iron_axe":41,"minecraft:iron_helmet":1,"minecraft:iron_boots":1,"minecraft:beef":1,"minecraft:furnace":3,"minecraft:egg":1,"minecraft:cobbled_deepslate":122,"minecraft:iron_leggings":1,"minecraft:stone_pickaxe":511,"minecraft:wooden_pickaxe":9,"minecraft:salmon":5,"minecraft:sand":1,"minecraft:crafting_table":14,"minecraft:white_bed":2,"minecraft:cod":1,"minecraft:diamond_pickaxe":1041,"minecraft:chicken":1,"minecraft:iron_pickaxe":250,"minecraft:diamond_sword":348,"minecraft:wooden_sword":60,"minecraft:cobblestone":64,"minecraft:porkchop":3,"minecraft:cooked_porkchop":2},"minecraft:mined":{"minecraft:nether_gold_ore":19,"minecraft:tuff":17,"minecraft:white_bed":2,"minecraft:deepslate_diamond_ore":58,"minecraft:granite":30,"minecraft:grass_block":11,"minecraft:oak_wall_sign":3,"minecraft:furnace":3,"minecraft:iron_ore":77,"minecraft:cobbled_deepslate":2,"minecraft:andesite":20,"minecraft:dirt_path":2,"minecraft:stone":209,"minecraft:crafting_table":15,"minecraft:short_grass":20,"minecraft:chest":1,"minecraft:tall_grass":3,"minecraft:nether_quartz_ore":12,"minecraft:copper_ore":1,"minecraft:deepslate_gold_ore":6,"minecraft:diorite":37,"minecraft:deepslate_copper_ore":1,"minecraft:birch_log":10,"minecraft:oak_log":61,"minecraft:coal_ore":13,"minecraft:gravel":15,"minecraft:sand":4,"minecraft:dirt":54,"minecraft:netherrack":933,"minecraft:ancient_debris":11,"minecraft:oak_leaves":24,"minecraft:deepslate":316},"minecraft:custom":{"minecraft:mob_kills":82,"minecraft:interact_with_crafting_table":35,"minecraft:leave_game":7,"minecraft:time_since_death":10762,"minecraft:sprint_one_cm":121170,"minecraft:walk_one_cm":290164,"minecraft:drop":35,"minecraft:deaths":1,"minecraft:play_time":150734,"minecraft:sneak_time":3028,"minecraft:walk_under_water_one_cm":13885,"minecraft:boat_one_cm":54578,"minecraft:jump":1134,"minecraft:walk_on_water_one_cm":23347,"minecraft:total_world_time":150734,"minecraft:interact_with_furnace":29,"minecraft:sleep_in_bed":2,"minecraft:time_since_rest":10836,"minecraft:damage_taken":691,"minecraft:damage_dealt":11373,"minecraft:swim_one_cm":39894,"minecraft:fly_one_cm":77416,"minecraft:open_chest":11,"minecraft:crouch_one_cm":3413,"minecraft:fall_one_cm":15412},"minecraft:killed":{"minecraft:spider":47,"minecraft:cod":6,"minecraft:skeleton":3,"minecraft:chicken":5,"minecraft:drowned":1,"minecraft:pig":4,"minecraft:salmon":5,"minecraft:bat":1,"minecraft:creeper":3,"minecraft:zombie":5,"minecraft:cow":1},"minecraft:picked_up":{"minecraft:wooden_axe":3,"minecraft:crafting_table":15,"minecraft:chicken":5,"minecraft:string":10,"minecraft:raw_copper":8,"minecraft:oak_sign":3,"minecraft:cobbled_deepslate":230,"minecraft:beef":2,"minecraft:chest":1,"minecraft:egg":1,"minecraft:furnace":3,"minecraft:raw_iron":100,"minecraft:stick":10,"minecraft:bowl":1,"minecraft:porkchop":5,"minecraft:diorite":37,"minecraft:redstone":1,"minecraft:stone_sword":2,"minecraft:arrow":2,"minecraft:stone_shovel":2,"minecraft:rotten_flesh":4,"minecraft:beetroot_seeds":8,"minecraft:cod":1,"minecraft:cobblestone":271,"minecraft:birch_log":10,"minecraft:feather":3,"minecraft:salmon":5,"minecraft:andesite":23,"minecraft:leather":2,"minecraft:flint":2,"minecraft:tuff":14,"minecraft:oak_log":64,"minecraft:ancient_debris":19,"minecraft:gunpowder":2,"minecraft:dirt":123,"minecraft:bone":2,"minecraft:kelp":1,"minecraft:wheat_seeds":5,"minecraft:raw_gold":12,"minecraft:iron_ingot":11,"minecraft:cooked_chicken":1,"minecraft:quartz":5,"minecraft:gravel":12,"minecraft:sand":3,"minecraft:white_bed":3,"minecraft:spider_eye":7,"minecraft:diamond":58,"minecraft:granite":30,"minecraft:warped_roots":1,"minecraft:oak_sapling":13,"minecraft:netherrack":399,"minecraft:coal":34},"minecraft:broken":{"minecraft:stone_pickaxe":4,"minecraft:wooden_sword":1,"minecraft:iron_pickaxe":1},"minecraft:dropped":{"minecraft:iron_ingot":14,"minecraft:wheat_seeds":5,"minecraft:diamond":29,"minecraft:iron_helmet":1,"minecraft:cobblestone":35,"minecraft:warped_roots":1,"minecraft:stick":1,"minecraft:dirt":94,"minecraft:wooden_axe":2,"minecraft:iron_leggings":1,"minecraft:sand":2,"minecraft:bone":1,"minecraft:gravel":12,"minecraft:kelp":1,"minecraft:stone_sword":3,"minecraft:raw_copper":8,"minecraft:stone_shovel":2,"minecraft:rotten_flesh":1,"minecraft:oak_planks":27,"minecraft:iron_boots":1,"minecraft:iron_chestplate":1,"minecraft:oak_sapling":13,"minecraft:spider_eye":2,"minecraft:netherrack":16}},"DataVersion":3953}