{"stats":{"minecraft:crafted":{"minecraft:wooden_sword":1,"minecraft:oak_planks":40,"minecraft:wooden_shovel":1,"minecraft:iron_chestplate":1,"minecraft:crafting_table":1,"minecraft:stick":12,"minecraft:iron_helmet":1,"minecraft:iron_ingot":14,"minecraft:wooden_pickaxe":1,"minecraft:stone_pickaxe":1,"minecraft:wooden_axe":1,"minecraft:furnace":1},"minecraft:custom":{"minecraft:time_since_rest":16946,"minecraft:interact_with_furnace":10,"minecraft:sprint_one_cm":22807,"minecraft:walk_one_cm":9359,"minecraft:interact_with_crafting_table":8,"minecraft:swim_one_cm":1726,"minecraft:fly_one_cm":17826,"minecraft:play_time":16946,"minecraft:walk_under_water_one_cm":240,"minecraft:jump":93,"minecraft:walk_on_water_one_cm":380,"minecraft:time_since_death":16946,"minecraft:total_world_time":16946,"minecraft:fall_one_cm":1118},"minecraft:mined":{"minecraft:iron_ore":14,"minecraft:crafting_table":2,"minecraft:granite":11,"minecraft:short_grass":2,"minecraft:coal_ore":13,"minecraft:grass_block":3,"minecraft:oak_log":10,"minecraft:dirt":16,"minecraft:tall_grass":2,"minecraft:stone":37,"minecraft:oak_leaves":2},"minecraft:picked_up":{"minecraft:crafting_table":2,"minecraft:raw_iron":14,"minecraft:oak_log":10,"minecraft:dirt":17,"minecraft:granite":11,"minecraft:oak_sapling":3,"minecraft:coal":13,"minecraft:cobblestone":37},"minecraft:used":{"minecraft:wooden_axe":13,"minecraft:stone_pickaxe":73,"minecraft:iron_helmet":1,"minecraft:wooden_pickaxe":5,"minecraft:wooden_shovel":12,"minecraft:iron_chestplate":1,"minecraft:dirt":16,"minecraft:cobblestone":12,"minecraft:crafting_table":3,"minecraft:furnace":1,"minecraft:granite":10}},"DataVersion":3953}