{"stats":{"minecraft:broken":{"minecraft:stone_pickaxe":2,"minecraft:wooden_sword":1},"minecraft:crafted":{"minecraft:wooden_sword":1,"minecraft:oak_planks":64,"minecraft:wooden_shovel":1,"minecraft:stone_shovel":1,"minecraft:iron_chestplate":1,"minecraft:cooked_porkchop":2,"minecraft:crafting_table":1,"minecraft:stone_sword":1,"minecraft:stick":16,"minecraft:cooked_chicken":3,"minecraft:iron_helmet":1,"minecraft:iron_ingot":14,"minecraft:wooden_pickaxe":1,"minecraft:stone_pickaxe":3,"minecraft:wooden_axe":1,"minecraft:furnace":1},"minecraft:killed":{"minecraft:skeleton":2,"minecraft:pig":3,"minecraft:zombie":4,"minecraft:chicken":3,"minecraft:creeper":2},"minecraft:custom":{"minecraft:time_since_rest":34946,"minecraft:interact_with_furnace":19,"minecraft:sprint_one_cm":61842,"minecraft:damage_taken":135,"minecraft:walk_one_cm":61755,"minecraft:mob_kills":15,"minecraft:damage_dealt":2513,"minecraft:interact_with_crafting_table":11,"minecraft:swim_one_cm":1726,"minecraft:fly_one_cm":42519,"minecraft:play_time":34946,"minecraft:walk_under_water_one_cm":240,"minecraft:jump":258,"minecraft:walk_on_water_one_cm":1618,"minecraft:time_since_death":34946,"minecraft:total_world_time":34946,"minecraft:fall_one_cm":3266},"minecraft:mined":{"minecraft:furnace":2,"minecraft:iron_ore":55,"minecraft:andesite":15,"minecraft:crafting_table":6,"minecraft:granite":28,"minecraft:short_grass":8,"minecraft:coal_ore":13,"minecraft:grass_block":6,"minecraft:oak_log":16,"minecraft:gravel":2,"minecraft:dirt":42,"minecraft:copper_ore":1,"minecraft:tall_grass":2,"minecraft:stone":138,"minecraft:diorite":32,"minecraft:oak_leaves":3},"minecraft:picked_up":{"minecraft:crafting_table":6,"minecraft:raw_iron":55,"minecraft:feather":2,"minecraft:chicken":3,"minecraft:andesite":15,"minecraft:gravel":2,"minecraft:porkchop":2,"minecraft:oak_log":16,"minecraft:diorite":32,"minecraft:raw_copper":3,"minecraft:gunpowder":2,"minecraft:dirt":60,"minecraft:arrow":1,"minecraft:rotten_flesh":3,"minecraft:wheat_seeds":3,"minecraft:granite":28,"minecraft:oak_sapling":4,"minecraft:coal":24,"minecraft:cobblestone":138,"minecraft:furnace":2},"minecraft:used":{"minecraft:wooden_axe":13,"minecraft:stone_shovel":24,"minecraft:stone_pickaxe":319,"minecraft:iron_helmet":1,"minecraft:wooden_pickaxe":5,"minecraft:wooden_shovel":12,"minecraft:cooked_chicken":2,"minecraft:rotten_flesh":3,"minecraft:iron_chestplate":1,"minecraft:wooden_sword":60,"minecraft:dirt":21,"minecraft:cobblestone":12,"minecraft:crafting_table":6,"minecraft:furnace":2,"minecraft:granite":10}},"DataVersion":3953}