{"stats":{"minecraft:broken":{"minecraft:stone_pickaxe":4,"minecraft:wooden_sword":1,"minecraft:iron_pickaxe":1},"minecraft:crafted":{"minecraft:wooden_sword":1,"minecraft:oak_planks":64,"minecraft:wooden_shovel":1,"minecraft:stone_shovel":1,"minecraft:diamond_sword":1,"minecraft:cooked_porkchop":2,"minecraft:crafting_table":1,"minecraft:wooden_pickaxe":1,"minecraft:iron_helmet":1,"minecraft:cooked_chicken":3,"minecraft:furnace":1,"minecraft:diamond_helmet":1,"minecraft:diamond_leggings":1,"minecraft:iron_boots":1,"minecraft:iron_chestplate":1,"minecraft:diamond_pickaxe":1,"minecraft:shield":2,"minecraft:stick":24,"minecraft:iron_ingot":44,"minecraft:iron_pickaxe":1,"minecraft:stone_pickaxe":4,"minecraft:wooden_axe":1,"minecraft:stone_sword":1,"minecraft:diamond_boots":1,"minecraft:iron_leggings":1,"minecraft:diamond_chestplate":1},"minecraft:killed":{"minecraft:pig":3,"minecraft:spider":24,"minecraft:bat":1,"minecraft:creeper":3,"minecraft:skeleton":3,"minecraft:zombie":4,"minecraft:chicken":3,"minecraft:drowned":1},"minecraft:custom":{"minecraft:interact_with_furnace":29,"minecraft:mob_kills":43,"minecraft:interact_with_crafting_table":26,"minecraft:leave_game":2,"minecraft:time_since_death":81556,"minecraft:time_since_rest":81556,"minecraft:sprint_one_cm":63286,"minecraft:damage_taken":221,"minecraft:walk_one_cm":119936,"minecraft:drop":20,"minecraft:damage_dealt":6743,"minecraft:swim_one_cm":12850,"minecraft:fly_one_cm":44506,"minecraft:crouch_one_cm":707,"minecraft:open_chest":5,"minecraft:play_time":81556,"minecraft:sneak_time":641,"minecraft:walk_under_water_one_cm":2617,"minecraft:jump":473,"minecraft:walk_on_water_one_cm":7085,"minecraft:total_world_time":81556,"minecraft:fall_one_cm":5694},"minecraft:mined":{"minecraft:tuff":17,"minecraft:white_bed":1,"minecraft:deepslate_diamond_ore":58,"minecraft:crafting_table":10,"minecraft:granite":30,"minecraft:short_grass":10,"minecraft:grass_block":7,"minecraft:tall_grass":2,"minecraft:copper_ore":1,"minecraft:deepslate_gold_ore":6,"minecraft:diorite":37,"minecraft:deepslate_copper_ore":1,"minecraft:furnace":3,"minecraft:cobbled_deepslate":2,"minecraft:iron_ore":73,"minecraft:andesite":15,"minecraft:dirt_path":1,"minecraft:oak_log":16,"minecraft:coal_ore":13,"minecraft:gravel":15,"minecraft:dirt":46,"minecraft:stone":199,"minecraft:oak_leaves":3,"minecraft:deepslate":316},"minecraft:dropped":{"minecraft:iron_ingot":14,"minecraft:wheat_seeds":3,"minecraft:stone_sword":3,"minecraft:diamond":29,"minecraft:stone_shovel":1,"minecraft:cobblestone":35,"minecraft:iron_helmet":1,"minecraft:rotten_flesh":1,"minecraft:oak_planks":27,"minecraft:iron_boots":1,"minecraft:stick":1,"minecraft:iron_chestplate":1,"minecraft:wooden_axe":1,"minecraft:oak_sapling":4,"minecraft:iron_leggings":1,"minecraft:bone":1},"minecraft:picked_up":{"minecraft:wooden_axe":2,"minecraft:crafting_table":10,"minecraft:feather":3,"minecraft:chicken":3,"minecraft:andesite":18,"minecraft:flint":2,"minecraft:tuff":14,"minecraft:oak_log":16,"minecraft:gunpowder":2,"minecraft:string":10,"minecraft:dirt":63,"minecraft:raw_copper":8,"minecraft:bone":1,"minecraft:wheat_seeds":3,"minecraft:cobbled_deepslate":230,"minecraft:raw_gold":6,"minecraft:iron_ingot":11,"minecraft:furnace":3,"minecraft:stick":1,"minecraft:raw_iron":96,"minecraft:gravel":12,"minecraft:porkchop":2,"minecraft:diorite":37,"minecraft:white_bed":2,"minecraft:spider_eye":5,"minecraft:stone_shovel":1,"minecraft:stone_sword":2,"minecraft:arrow":1,"minecraft:rotten_flesh":4,"minecraft:diamond":58,"minecraft:beetroot_seeds":8,"minecraft:granite":30,"minecraft:oak_sapling":4,"minecraft:coal":29,"minecraft:cobblestone":262},"minecraft:used":{"minecraft:stone_shovel":39,"minecraft:stone_pickaxe":497,"minecraft:wooden_pickaxe":5,"minecraft:wooden_shovel":12,"minecraft:cooked_chicken":3,"minecraft:rotten_flesh":3,"minecraft:iron_chestplate":1,"minecraft:dirt":21,"minecraft:crafting_table":10,"minecraft:white_bed":2,"minecraft:granite":10,"minecraft:wooden_axe":13,"minecraft:diamond_pickaxe":65,"minecraft:iron_pickaxe":250,"minecraft:iron_helmet":1,"minecraft:iron_boots":1,"minecraft:diamond_sword":165,"minecraft:wooden_sword":60,"minecraft:cobblestone":12,"minecraft:furnace":3,"minecraft:cooked_porkchop":1,"minecraft:cobbled_deepslate":71,"minecraft:iron_leggings":1}},"DataVersion":3953}