{"stats":{"minecraft:crafted":{"minecraft:wooden_sword":2,"minecraft:oak_planks":152,"minecraft:stone_shovel":1,"minecraft:oak_sign":3,"minecraft:cooked_chicken":4,"minecraft:furnace":5,"minecraft:diamond_helmet":2,"minecraft:iron_boots":2,"minecraft:diamond_leggings":1,"minecraft:iron_axe":1,"minecraft:stone_pickaxe":6,"minecraft:chest":1,"minecraft:diamond_boots":1,"minecraft:cooked_beef":1,"minecraft:wooden_shovel":1,"minecraft:diamond_sword":2,"minecraft:cooked_porkchop":2,"minecraft:crafting_table":1,"minecraft:wooden_pickaxe":2,"minecraft:iron_helmet":2,"minecraft:iron_sword":1,"minecraft:iron_chestplate":2,"minecraft:diamond_pickaxe":2,"minecraft:shield":3,"minecraft:stick":48,"minecraft:iron_ingot":75,"minecraft:iron_pickaxe":2,"minecraft:wooden_axe":2,"minecraft:stone_sword":1,"minecraft:iron_leggings":2,"minecraft:torch":8,"minecraft:diamond_chestplate":1},"minecraft:used":{"minecraft:stone_shovel":68,"minecraft:oak_sign":3,"minecraft:chest":1,"minecraft:shield":4,"minecraft:wooden_shovel":12,"minecraft:rotten_flesh":3,"minecraft:cooked_chicken":5,"minecraft:netherrack":2,"minecraft:iron_chestplate":1,"minecraft:torch":1,"minecraft:dirt":21,"minecraft:granite":10,"minecraft:wooden_axe":22,"minecraft:iron_axe":41,"minecraft:iron_helmet":1,"minecraft:iron_boots":1,"minecraft:beef":1,"minecraft:furnace":7,"minecraft:egg":1,"minecraft:cooked_beef":1,"minecraft:cobbled_deepslate":125,"minecraft:iron_leggings":2,"minecraft:stone_pickaxe":683,"minecraft:wooden_pickaxe":50,"minecraft:salmon":5,"minecraft:sand":1,"minecraft:crafting_table":18,"minecraft:white_bed":4,"minecraft:cod":1,"minecraft:diamond_pickaxe":1391,"minecraft:chicken":1,"minecraft:iron_pickaxe":291,"minecraft:diamond_sword":348,"minecraft:wooden_sword":110,"minecraft:cobblestone":65,"minecraft:porkchop":3,"minecraft:cooked_porkchop":2},"minecraft:mined":{"minecraft:nether_gold_ore":19,"minecraft:diamond_ore":19,"minecraft:tuff":58,"minecraft:white_bed":4,"minecraft:deepslate_diamond_ore":110,"minecraft:granite":45,"minecraft:grass_block":11,"minecraft:oak_wall_sign":3,"minecraft:redstone_ore":3,"minecraft:furnace":7,"minecraft:iron_ore":104,"minecraft:cobbled_deepslate":2,"minecraft:andesite":107,"minecraft:deepslate_iron_ore":4,"minecraft:dirt_path":2,"minecraft:stone":289,"minecraft:deepslate_redstone_ore":1,"minecraft:crafting_table":18,"minecraft:short_grass":20,"minecraft:chest":1,"minecraft:tall_grass":3,"minecraft:nether_quartz_ore":12,"minecraft:copper_ore":4,"minecraft:deepslate_gold_ore":6,"minecraft:diorite":70,"minecraft:wall_torch":1,"minecraft:deepslate_copper_ore":1,"minecraft:birch_log":10,"minecraft:oak_log":61,"minecraft:coal_ore":31,"minecraft:gravel":15,"minecraft:sand":4,"minecraft:dirt":54,"minecraft:netherrack":933,"minecraft:ancient_debris":11,"minecraft:oak_leaves":24,"minecraft:deepslate":519},"minecraft:custom":{"minecraft:mob_kills":89,"minecraft:interact_with_crafting_table":51,"minecraft:leave_game":7,"minecraft:time_since_death":40762,"minecraft:sprint_one_cm":124148,"minecraft:walk_one_cm":332798,"minecraft:damage_blocked_by_shield":110,"minecraft:drop":58,"minecraft:deaths":1,"minecraft:play_time":180734,"minecraft:sneak_time":3685,"minecraft:walk_under_water_one_cm":14060,"minecraft:boat_one_cm":54578,"minecraft:jump":1226,"minecraft:walk_on_water_one_cm":23618,"minecraft:total_world_time":180734,"minecraft:interact_with_furnace":48,"minecraft:sleep_in_bed":3,"minecraft:time_since_rest":28250,"minecraft:damage_taken":852,"minecraft:damage_dealt":12818,"minecraft:swim_one_cm":39894,"minecraft:fly_one_cm":78575,"minecraft:open_chest":11,"minecraft:crouch_one_cm":4690,"minecraft:fall_one_cm":17492},"minecraft:killed":{"minecraft:spider":47,"minecraft:cod":6,"minecraft:skeleton":7,"minecraft:chicken":5,"minecraft:drowned":1,"minecraft:pig":4,"minecraft:salmon":5,"minecraft:bat":1,"minecraft:creeper":3,"minecraft:zombie":8,"minecraft:cow":1},"minecraft:picked_up":{"minecraft:wooden_axe":3,"minecraft:crafting_table":18,"minecraft:chicken":5,"minecraft:string":10,"minecraft:raw_copper":28,"minecraft:oak_sign":3,"minecraft:cobbled_deepslate":444,"minecraft:beef":2,"minecraft:chest":1,"minecraft:egg":1,"minecraft:furnace":7,"minecraft:raw_iron":131,"minecraft:stick":13,"minecraft:torch":1,"minecraft:bowl":1,"minecraft:porkchop":5,"minecraft:diorite":70,"minecraft:redstone":19,"minecraft:stone_sword":2,"minecraft:arrow":6,"minecraft:stone_shovel":2,"minecraft:rotten_flesh":7,"minecraft:beetroot_seeds":8,"minecraft:cod":1,"minecraft:cobblestone":351,"minecraft:birch_log":10,"minecraft:feather":3,"minecraft:salmon":5,"minecraft:andesite":202,"minecraft:leather":2,"minecraft:flint":2,"minecraft:tuff":54,"minecraft:oak_log":64,"minecraft:ancient_debris":19,"minecraft:gunpowder":2,"minecraft:dirt":131,"minecraft:bone":9,"minecraft:kelp":1,"minecraft:bow":2,"minecraft:wheat_seeds":5,"minecraft:raw_gold":12,"minecraft:iron_ingot":11,"minecraft:cooked_chicken":1,"minecraft:quartz":5,"minecraft:gravel":12,"minecraft:sand":3,"minecraft:white_bed":5,"minecraft:spider_eye":7,"minecraft:diamond":129,"minecraft:granite":45,"minecraft:warped_roots":1,"minecraft:oak_sapling":13,"minecraft:netherrack":399,"minecraft:coal":63},"minecraft:broken":{"minecraft:stone_pickaxe":5,"minecraft:wooden_sword":1,"minecraft:iron_pickaxe":1},"minecraft:dropped":{"minecraft:iron_ingot":14,"minecraft:wheat_seeds":5,"minecraft:diamond":29,"minecraft:iron_helmet":1,"minecraft:cobblestone":35,"minecraft:warped_roots":1,"minecraft:leather":2,"minecraft:granite":15,"minecraft:stick":4,"minecraft:dirt":110,"minecraft:diorite":33,"minecraft:wooden_axe":3,"minecraft:iron_leggings":1,"minecraft:wooden_sword":1,"minecraft:sand":2,"minecraft:bone":9,"minecraft:gravel":12,"minecraft:kelp":1,"minecraft:stone_sword":3,"minecraft:cobbled_deepslate":11,"minecraft:raw_copper":28,"minecraft:stone_shovel":3,"minecraft:rotten_flesh":4,"minecraft:oak_planks":27,"minecraft:iron_boots":1,"minecraft:iron_chestplate":1,"minecraft:andesite":184,"minecraft:oak_sapling":13,"minecraft:spider_eye":2,"minecraft:stone_pickaxe":1,"minecraft:arrow":5,"minecraft:bow":1,"minecraft:wooden_pickaxe":1,"minecraft:netherrack":16}},"DataVersion":3953}