{"stats":{"minecraft:crafted":{"minecraft:oak_planks":24,"minecraft:crafting_table":1,"minecraft:stick":8,"minecraft:wooden_pickaxe":1,"minecraft:stone_pickaxe":1,"minecraft:wooden_axe":1,"minecraft:stone_axe":1},"minecraft:killed":{"minecraft:sheep":1,"minecraft:horse":1,"minecraft:pig":7,"minecraft:chicken":4,"minecraft:cow":5},"minecraft:custom":{"minecraft:time_since_rest":20748,"minecraft:sprint_one_cm":34144,"minecraft:walk_one_cm":34835,"minecraft:mob_kills":18,"minecraft:drop":2,"minecraft:damage_dealt":1700,"minecraft:swim_one_cm":4501,"minecraft:interact_with_crafting_table":3,"minecraft:fly_one_cm":80468,"minecraft:crouch_one_cm":6868,"minecraft:play_time":21340,"minecraft:deaths":1,"minecraft:sneak_time":1737,"minecraft:walk_under_water_one_cm":1043,"minecraft:jump":384,"minecraft:time_since_death":20724,"minecraft:walk_on_water_one_cm":4599,"minecraft:total_world_time":21340,"minecraft:fall_one_cm":9906},"minecraft:mined":{"minecraft:pumpkin":29,"minecraft:crafting_table":3,"minecraft:short_grass":37,"minecraft:grass_block":9,"minecraft:oak_log":6,"minecraft:dirt":9,"minecraft:tall_grass":2,"minecraft:stone":27,"minecraft:sugar_cane":6,"minecraft:white_wool":1,"minecraft:oak_leaves":2},"minecraft:dropped":{"minecraft:wheat_seeds":2},"minecraft:picked_up":{"minecraft:crafting_table":3,"minecraft:feather":2,"minecraft:chicken":4,"minecraft:pumpkin":29,"minecraft:leather":5,"minecraft:porkchop":13,"minecraft:oak_log":6,"minecraft:dirt":18,"minecraft:wheat_seeds":4,"minecraft:beef":12,"minecraft:sugar_cane":18,"minecraft:mutton":2,"minecraft:white_wool":2,"minecraft:cobblestone":27},"minecraft:used":{"minecraft:wooden_axe":36,"minecraft:stone_pickaxe":9,"minecraft:wooden_pickaxe":18,"minecraft:stone_axe":1,"minecraft:white_wool":1,"minecraft:cobblestone":2,"minecraft:dirt":18,"minecraft:mutton":2,"minecraft:crafting_table":3,"minecraft:porkchop":3}},"DataVersion":3953}