{"stats":{"minecraft:killed":{"minecraft:chicken":2,"minecraft:cow":2},"minecraft:custom":{"minecraft:time_since_rest":8748,"minecraft:crouch_one_cm":286,"minecraft:play_time":9340,"minecraft:sprint_one_cm":14987,"minecraft:walk_one_cm":9569,"minecraft:deaths":1,"minecraft:sneak_time":245,"minecraft:mob_kills":4,"minecraft:jump":174,"minecraft:damage_dealt":280,"minecraft:time_since_death":8724,"minecraft:total_world_time":9340,"minecraft:fall_one_cm":4505,"minecraft:fly_one_cm":40511},"minecraft:mined":{"minecraft:short_grass":21,"minecraft:grass_block":9,"minecraft:dirt":9,"minecraft:sugar_cane":2},"minecraft:picked_up":{"minecraft:chicken":2,"minecraft:leather":1,"minecraft:wheat_seeds":1,"minecraft:beef":4,"minecraft:sugar_cane":7,"minecraft:dirt":18},"minecraft:used":{"minecraft:dirt":18}},"DataVersion":3953}