{"stats":{"minecraft:broken":{"minecraft:stone_pickaxe":1},"minecraft:crafted":{"minecraft:cooked_beef":11,"minecraft:oak_planks":24,"minecraft:cooked_porkchop":2,"minecraft:crafting_table":1,"minecraft:cooked_chicken":4,"minecraft:wooden_pickaxe":1,"minecraft:furnace":1,"minecraft:stone_axe":1,"minecraft:air":0,"minecraft:iron_chestplate":1,"minecraft:shield":1,"minecraft:stick":16,"minecraft:iron_ingot":23,"minecraft:iron_pickaxe":1,"minecraft:stone_pickaxe":1,"minecraft:wooden_axe":1,"minecraft:stone_sword":1,"minecraft:torch":16},"minecraft:killed":{"minecraft:pig":7,"minecraft:spider":2,"minecraft:creeper":2,"minecraft:horse":1,"minecraft:sheep":1,"minecraft:skeleton":6,"minecraft:zombie":4,"minecraft:chicken":4,"minecraft:cow":5},"minecraft:custom":{"minecraft:interact_with_furnace":26,"minecraft:mob_kills":34,"minecraft:interact_with_crafting_table":11,"minecraft:time_since_death":8120,"minecraft:time_since_rest":8149,"minecraft:sprint_one_cm":63590,"minecraft:damage_taken":835,"minecraft:walk_one_cm":104148,"minecraft:drop":2,"minecraft:damage_dealt":4640,"minecraft:swim_one_cm":20284,"minecraft:fly_one_cm":138032,"minecraft:open_chest":3,"minecraft:crouch_one_cm":19992,"minecraft:play_time":45340,"minecraft:deaths":2,"minecraft:sneak_time":5302,"minecraft:walk_under_water_one_cm":7091,"minecraft:jump":709,"minecraft:walk_on_water_one_cm":8541,"minecraft:total_world_time":45340,"minecraft:fall_one_cm":19069},"minecraft:mined":{"minecraft:crafting_table":4,"minecraft:torch":2,"minecraft:short_grass":37,"minecraft:grass_block":9,"minecraft:chest":2,"minecraft:tall_grass":7,"minecraft:cobblestone":25,"minecraft:lapis_ore":6,"minecraft:sugar_cane":6,"minecraft:wall_torch":3,"minecraft:magma_block":5,"minecraft:furnace":1,"minecraft:iron_ore":28,"minecraft:andesite":4,"minecraft:pumpkin":29,"minecraft:oak_log":6,"minecraft:coal_ore":42,"minecraft:gravel":2,"minecraft:dirt":11,"minecraft:stone":37,"minecraft:white_wool":1,"minecraft:deepslate":1,"minecraft:oak_leaves":2},"minecraft:dropped":{"minecraft:wheat_seeds":2},"minecraft:picked_up":{"minecraft:magma_block":5,"minecraft:crafting_table":4,"minecraft:feather":2,"minecraft:chicken":4,"minecraft:andesite":4,"minecraft:leather":5,"minecraft:oak_log":6,"minecraft:gunpowder":2,"minecraft:lapis_lazuli":44,"minecraft:music_disc_cat":1,"minecraft:dirt":21,"minecraft:string":8,"minecraft:bone":4,"minecraft:wheat_seeds":4,"minecraft:cobbled_deepslate":1,"minecraft:bucket":1,"minecraft:beef":12,"minecraft:sugar_cane":18,"minecraft:chest":2,"minecraft:furnace":1,"minecraft:raw_iron":28,"minecraft:pumpkin":29,"minecraft:music_disc_13":1,"minecraft:torch":6,"minecraft:gravel":1,"minecraft:porkchop":13,"minecraft:arrow":8,"minecraft:rotten_flesh":3,"minecraft:beetroot_seeds":4,"minecraft:mutton":2,"minecraft:coal":57,"minecraft:white_wool":2,"minecraft:cobblestone":61},"minecraft:used":{"minecraft:water_bucket":45,"minecraft:stone_sword":31,"minecraft:stone_pickaxe":129,"minecraft:wooden_pickaxe":18,"minecraft:white_wool":1,"minecraft:torch":12,"minecraft:dirt":18,"minecraft:mutton":2,"minecraft:crafting_table":4,"minecraft:wooden_axe":36,"minecraft:iron_pickaxe":4,"minecraft:stone_axe":28,"minecraft:magma_block":2,"minecraft:cobblestone":33,"minecraft:beef":1,"minecraft:cooked_porkchop":2,"minecraft:furnace":1,"minecraft:porkchop":11,"minecraft:bucket":46,"minecraft:andesite":4,"minecraft:cooked_beef":2}},"DataVersion":3953}