{"stats":{"minecraft:broken":{"minecraft:stone_sword":1,"minecraft:stone_pickaxe":1,"minecraft:iron_pickaxe":3},"minecraft:crafted":{"minecraft:oak_door":3,"minecraft:oak_planks":212,"minecraft:cobblestone_slab":12,"minecraft:cooked_chicken":4,"minecraft:furnace":1,"minecraft:hopper":3,"minecraft:iron_boots":1,"minecraft:ladder":3,"minecraft:stone_pickaxe":1,"minecraft:chest":3,"minecraft:cooked_beef":11,"minecraft:cooked_porkchop":2,"minecraft:diamond_axe":1,"minecraft:crafting_table":4,"minecraft:wooden_pickaxe":1,"minecraft:iron_helmet":1,"minecraft:iron_sword":1,"minecraft:brush":1,"minecraft:copper_ingot":25,"minecraft:stone_axe":1,"minecraft:air":0,"minecraft:oak_boat":1,"minecraft:white_wool":28,"minecraft:iron_chestplate":1,"minecraft:shield":1,"minecraft:stick":40,"minecraft:iron_ingot":72,"minecraft:iron_pickaxe":4,"minecraft:wooden_axe":1,"minecraft:stone_sword":1,"minecraft:iron_leggings":1,"minecraft:white_bed":3,"minecraft:torch":44},"minecraft:killed":{"minecraft:spider":58,"minecraft:horse":1,"minecraft:skeleton":9,"minecraft:chicken":4,"minecraft:pig":7,"minecraft:creeper":2,"minecraft:sheep":1,"minecraft:zombie":11,"minecraft:cow":6},"minecraft:custom":{"minecraft:mob_kills":102,"minecraft:inspect_hopper":2,"minecraft:interact_with_crafting_table":38,"minecraft:time_since_death":0,"minecraft:climb_one_cm":1082,"minecraft:sprint_one_cm":171058,"minecraft:walk_one_cm":341670,"minecraft:damage_blocked_by_shield":220,"minecraft:drop":55,"minecraft:play_time":135340,"minecraft:deaths":5,"minecraft:sneak_time":19433,"minecraft:walk_under_water_one_cm":14056,"minecraft:boat_one_cm":83117,"minecraft:jump":2141,"minecraft:walk_on_water_one_cm":35663,"minecraft:total_world_time":135340,"minecraft:interact_with_furnace":36,"minecraft:sleep_in_bed":2,"minecraft:time_since_rest":24,"minecraft:damage_taken":2009,"minecraft:damage_dealt":14930,"minecraft:swim_one_cm":27854,"minecraft:fly_one_cm":305228,"minecraft:open_chest":21,"minecraft:crouch_one_cm":77321,"minecraft:fall_one_cm":52291},"minecraft:mined":{"minecraft:white_bed":1,"minecraft:oak_sapling":2,"minecraft:mossy_cobblestone":50,"minecraft:granite":4,"minecraft:grass_block":11,"minecraft:kelp":7,"minecraft:hopper":1,"minecraft:magma_block":6,"minecraft:furnace":2,"minecraft:iron_ore":72,"minecraft:andesite":7,"minecraft:pumpkin":29,"minecraft:cobblestone_slab":5,"minecraft:stone":582,"minecraft:white_wool":1,"minecraft:kelp_plant":1,"minecraft:crafting_table":7,"minecraft:torch":5,"minecraft:short_grass":71,"minecraft:chest":2,"minecraft:tall_grass":7,"minecraft:copper_ore":6,"minecraft:cobblestone":170,"minecraft:lapis_ore":6,"minecraft:sugar_cane":14,"minecraft:diorite":13,"minecraft:wall_torch":9,"minecraft:coal_ore":42,"minecraft:oak_log":82,"minecraft:gravel":2,"minecraft:sand":3,"minecraft:dirt":11,"minecraft:oak_leaves":12,"minecraft:deepslate":1},"minecraft:dropped":{"minecraft:wheat_seeds":8,"minecraft:cobblestone":248,"minecraft:granite":5,"minecraft:stick":9,"minecraft:dirt":3,"minecraft:diorite":3,"minecraft:torch":4,"minecraft:wooden_axe":4,"minecraft:sand":1,"minecraft:iron_pickaxe":1,"minecraft:string":3,"minecraft:white_wool":2,"minecraft:bucket":1,"minecraft:redstone":1,"minecraft:gravel":1,"minecraft:stone_axe":2,"minecraft:cobbled_deepslate":1,"minecraft:bowl":3,"minecraft:rotten_flesh":14,"minecraft:oak_planks":4,"minecraft:white_bed":1,"minecraft:cobblestone_slab":1,"minecraft:iron_chestplate":1,"minecraft:andesite":6,"minecraft:beetroot_seeds":16},"minecraft:picked_up":{"minecraft:wooden_axe":3,"minecraft:crafting_table":6,"minecraft:iron_chestplate":1,"minecraft:chicken":4,"minecraft:music_disc_cat":1,"minecraft:string":8,"minecraft:raw_copper":25,"minecraft:cobbled_deepslate":1,"minecraft:bucket":2,"minecraft:beef":13,"minecraft:oak_boat":2,"minecraft:cobblestone_slab":6,"minecraft:iron_pickaxe":1,"minecraft:sugar_cane":27,"minecraft:chest":2,"minecraft:birch_sapling":2,"minecraft:furnace":2,"minecraft:raw_iron":72,"minecraft:stick":9,"minecraft:torch":21,"minecraft:bowl":2,"minecraft:porkchop":13,"minecraft:diorite":3,"minecraft:arrow":13,"minecraft:rotten_flesh":14,"minecraft:beetroot_seeds":12,"minecraft:mutton":2,"minecraft:white_wool":3,"minecraft:cobblestone":814,"minecraft:magma_block":6,"minecraft:feather":2,"minecraft:andesite":10,"minecraft:leather":7,"minecraft:oak_log":79,"minecraft:gunpowder":2,"minecraft:dirt":23,"minecraft:lapis_lazuli":44,"minecraft:bone":6,"minecraft:apple":2,"minecraft:kelp":9,"minecraft:wheat_seeds":8,"minecraft:iron_ingot":9,"minecraft:oak_planks":31,"minecraft:music_disc_13":1,"minecraft:pumpkin":29,"minecraft:gravel":1,"minecraft:sand":2,"minecraft:white_bed":1,"minecraft:diamond":29,"minecraft:stone_axe":1,"minecraft:granite":6,"minecraft:oak_sapling":33,"minecraft:coal":76,"minecraft:hopper":1},"minecraft:used":{"minecraft:stone_sword":133,"minecraft:ladder":3,"minecraft:chest":2,"minecraft:shield":10,"minecraft:iron_sword":103,"minecraft:iron_chestplate":2,"minecraft:oak_door":3,"minecraft:torch":61,"minecraft:dirt":20,"minecraft:mutton":2,"minecraft:hopper":4,"minecraft:granite":1,"minecraft:wooden_axe":36,"minecraft:birch_sapling":2,"minecraft:magma_block":2,"minecraft:beef":1,"minecraft:oak_sapling":33,"minecraft:furnace":3,"minecraft:cooked_beef":10,"minecraft:iron_leggings":1,"minecraft:water_bucket":74,"minecraft:stone_pickaxe":129,"minecraft:wooden_pickaxe":18,"minecraft:diamond_axe":82,"minecraft:cobblestone_slab":11,"minecraft:white_wool":1,"minecraft:sand":1,"minecraft:crafting_table":10,"minecraft:white_bed":2,"minecraft:suspicious_stew":1,"minecraft:iron_pickaxe":825,"minecraft:stone_axe":47,"minecraft:cobblestone":311,"minecraft:porkchop":11,"minecraft:cooked_porkchop":2,"minecraft:andesite":4,"minecraft:bucket":75,"minecraft:oak_boat":3,"minecraft:brush":7}},"DataVersion":3953}