{"stats":{"minecraft:broken":{"minecraft:stone_sword":1,"minecraft:stone_pickaxe":1,"minecraft:iron_pickaxe":3},"minecraft:crafted":{"minecraft:oak_planks":64,"minecraft:cobblestone_slab":12,"minecraft:cooked_chicken":4,"minecraft:furnace":1,"minecraft:hopper":3,"minecraft:iron_boots":1,"minecraft:ladder":3,"minecraft:stone_pickaxe":1,"minecraft:chest":3,"minecraft:cooked_beef":11,"minecraft:cooked_porkchop":2,"minecraft:crafting_table":2,"minecraft:wooden_pickaxe":1,"minecraft:iron_helmet":1,"minecraft:iron_sword":1,"minecraft:brush":1,"minecraft:copper_ingot":25,"minecraft:stone_axe":1,"minecraft:air":0,"minecraft:white_wool":15,"minecraft:iron_chestplate":1,"minecraft:shield":1,"minecraft:stick":40,"minecraft:iron_ingot":72,"minecraft:iron_pickaxe":4,"minecraft:wooden_axe":1,"minecraft:stone_sword":1,"minecraft:iron_leggings":1,"minecraft:white_bed":2,"minecraft:torch":44},"minecraft:killed":{"minecraft:spider":58,"minecraft:horse":1,"minecraft:skeleton":8,"minecraft:chicken":4,"minecraft:pig":7,"minecraft:creeper":2,"minecraft:sheep":1,"minecraft:zombie":10,"minecraft:cow":5},"minecraft:custom":{"minecraft:mob_kills":99,"minecraft:inspect_hopper":2,"minecraft:interact_with_crafting_table":34,"minecraft:time_since_death":21322,"minecraft:climb_one_cm":423,"minecraft:sprint_one_cm":134325,"minecraft:walk_one_cm":273564,"minecraft:damage_blocked_by_shield":195,"minecraft:drop":37,"minecraft:play_time":111340,"minecraft:deaths":4,"minecraft:sneak_time":18043,"minecraft:walk_under_water_one_cm":11399,"minecraft:jump":1669,"minecraft:walk_on_water_one_cm":32175,"minecraft:total_world_time":111340,"minecraft:interact_with_furnace":36,"minecraft:time_since_rest":21346,"minecraft:damage_taken":1748,"minecraft:damage_dealt":14390,"minecraft:swim_one_cm":27370,"minecraft:fly_one_cm":244871,"minecraft:open_chest":14,"minecraft:crouch_one_cm":72319,"minecraft:fall_one_cm":40173},"minecraft:mined":{"minecraft:mossy_cobblestone":50,"minecraft:granite":4,"minecraft:grass_block":9,"minecraft:hopper":1,"minecraft:magma_block":6,"minecraft:furnace":2,"minecraft:iron_ore":72,"minecraft:andesite":7,"minecraft:pumpkin":29,"minecraft:cobblestone_slab":5,"minecraft:stone":582,"minecraft:white_wool":1,"minecraft:crafting_table":6,"minecraft:torch":5,"minecraft:short_grass":44,"minecraft:chest":2,"minecraft:tall_grass":7,"minecraft:copper_ore":6,"minecraft:cobblestone":166,"minecraft:lapis_ore":6,"minecraft:sugar_cane":6,"minecraft:diorite":13,"minecraft:wall_torch":9,"minecraft:coal_ore":42,"minecraft:oak_log":16,"minecraft:gravel":2,"minecraft:dirt":11,"minecraft:oak_leaves":4,"minecraft:deepslate":1},"minecraft:dropped":{"minecraft:wheat_seeds":5,"minecraft:cobblestone":181,"minecraft:granite":5,"minecraft:stick":4,"minecraft:dirt":3,"minecraft:diorite":3,"minecraft:torch":4,"minecraft:wooden_axe":4,"minecraft:iron_pickaxe":1,"minecraft:white_wool":2,"minecraft:bucket":1,"minecraft:gravel":1,"minecraft:stone_axe":1,"minecraft:cobbled_deepslate":1,"minecraft:rotten_flesh":5,"minecraft:oak_planks":4,"minecraft:white_bed":1,"minecraft:cobblestone_slab":1,"minecraft:iron_chestplate":1,"minecraft:andesite":6,"minecraft:beetroot_seeds":16},"minecraft:picked_up":{"minecraft:wooden_axe":3,"minecraft:crafting_table":6,"minecraft:iron_chestplate":1,"minecraft:chicken":4,"minecraft:music_disc_cat":1,"minecraft:string":8,"minecraft:raw_copper":25,"minecraft:cobbled_deepslate":1,"minecraft:bucket":2,"minecraft:beef":12,"minecraft:cobblestone_slab":6,"minecraft:iron_pickaxe":1,"minecraft:sugar_cane":18,"minecraft:chest":2,"minecraft:furnace":2,"minecraft:raw_iron":72,"minecraft:stick":4,"minecraft:torch":21,"minecraft:porkchop":13,"minecraft:diorite":3,"minecraft:arrow":11,"minecraft:rotten_flesh":12,"minecraft:beetroot_seeds":12,"minecraft:mutton":2,"minecraft:white_wool":3,"minecraft:cobblestone":807,"minecraft:magma_block":6,"minecraft:feather":2,"minecraft:andesite":10,"minecraft:leather":5,"minecraft:oak_log":16,"minecraft:gunpowder":2,"minecraft:dirt":21,"minecraft:lapis_lazuli":44,"minecraft:bone":5,"minecraft:wheat_seeds":5,"minecraft:iron_ingot":9,"minecraft:oak_planks":31,"minecraft:music_disc_13":1,"minecraft:pumpkin":29,"minecraft:gravel":1,"minecraft:diamond":29,"minecraft:stone_axe":1,"minecraft:granite":6,"minecraft:coal":76,"minecraft:hopper":1},"minecraft:used":{"minecraft:stone_sword":133,"minecraft:ladder":3,"minecraft:chest":2,"minecraft:shield":9,"minecraft:iron_sword":87,"minecraft:iron_chestplate":2,"minecraft:torch":61,"minecraft:dirt":18,"minecraft:mutton":2,"minecraft:hopper":4,"minecraft:granite":1,"minecraft:wooden_axe":36,"minecraft:magma_block":2,"minecraft:beef":1,"minecraft:furnace":3,"minecraft:cooked_beef":9,"minecraft:iron_leggings":1,"minecraft:water_bucket":59,"minecraft:stone_pickaxe":129,"minecraft:wooden_pickaxe":18,"minecraft:cobblestone_slab":11,"minecraft:white_wool":1,"minecraft:crafting_table":8,"minecraft:white_bed":1,"minecraft:iron_pickaxe":821,"minecraft:stone_axe":47,"minecraft:cobblestone":299,"minecraft:porkchop":11,"minecraft:cooked_porkchop":2,"minecraft:andesite":4,"minecraft:bucket":60,"minecraft:brush":2}},"DataVersion":3953}