{"stats":{"minecraft:broken":{"minecraft:stone_pickaxe":1,"minecraft:stone_sword":1,"minecraft:iron_pickaxe":3},"minecraft:crafted":{"minecraft:cooked_beef":11,"minecraft:oak_planks":64,"minecraft:cobblestone_slab":12,"minecraft:cooked_porkchop":2,"minecraft:crafting_table":1,"minecraft:cooked_chicken":4,"minecraft:wooden_pickaxe":1,"minecraft:iron_sword":1,"minecraft:furnace":1,"minecraft:stone_axe":1,"minecraft:air":0,"minecraft:hopper":3,"minecraft:iron_chestplate":1,"minecraft:shield":1,"minecraft:ladder":3,"minecraft:stick":40,"minecraft:iron_ingot":72,"minecraft:iron_pickaxe":4,"minecraft:stone_pickaxe":1,"minecraft:wooden_axe":1,"minecraft:stone_sword":1,"minecraft:chest":3,"minecraft:torch":44},"minecraft:killed":{"minecraft:pig":7,"minecraft:spider":32,"minecraft:creeper":2,"minecraft:horse":1,"minecraft:sheep":1,"minecraft:skeleton":8,"minecraft:zombie":10,"minecraft:chicken":4,"minecraft:cow":5},"minecraft:custom":{"minecraft:interact_with_furnace":34,"minecraft:mob_kills":73,"minecraft:interact_with_crafting_table":26,"minecraft:time_since_death":9322,"minecraft:time_since_rest":9346,"minecraft:sprint_one_cm":132731,"minecraft:damage_taken":1698,"minecraft:walk_one_cm":237579,"minecraft:damage_blocked_by_shield":195,"minecraft:drop":31,"minecraft:damage_dealt":10317,"minecraft:swim_one_cm":27370,"minecraft:fly_one_cm":242828,"minecraft:open_chest":4,"minecraft:crouch_one_cm":69367,"minecraft:play_time":99340,"minecraft:deaths":4,"minecraft:sneak_time":17237,"minecraft:walk_under_water_one_cm":11399,"minecraft:jump":1529,"minecraft:walk_on_water_one_cm":30275,"minecraft:total_world_time":99340,"minecraft:fall_one_cm":38866},"minecraft:mined":{"minecraft:mossy_cobblestone":50,"minecraft:crafting_table":6,"minecraft:torch":5,"minecraft:granite":4,"minecraft:short_grass":44,"minecraft:grass_block":9,"minecraft:chest":2,"minecraft:copper_ore":6,"minecraft:tall_grass":7,"minecraft:cobblestone":164,"minecraft:lapis_ore":6,"minecraft:sugar_cane":6,"minecraft:hopper":1,"minecraft:diorite":13,"minecraft:wall_torch":8,"minecraft:magma_block":6,"minecraft:furnace":2,"minecraft:iron_ore":72,"minecraft:andesite":7,"minecraft:pumpkin":29,"minecraft:oak_log":16,"minecraft:coal_ore":42,"minecraft:cobblestone_slab":5,"minecraft:gravel":2,"minecraft:dirt":11,"minecraft:stone":558,"minecraft:white_wool":1,"minecraft:deepslate":1,"minecraft:oak_leaves":4},"minecraft:dropped":{"minecraft:gravel":1,"minecraft:stone_axe":1,"minecraft:wheat_seeds":5,"minecraft:cobbled_deepslate":1,"minecraft:cobblestone":117,"minecraft:rotten_flesh":5,"minecraft:oak_planks":4,"minecraft:granite":5,"minecraft:stick":2,"minecraft:cobblestone_slab":1,"minecraft:dirt":3,"minecraft:diorite":3,"minecraft:torch":4,"minecraft:beetroot_seeds":8,"minecraft:iron_chestplate":1,"minecraft:wooden_axe":2,"minecraft:andesite":6,"minecraft:iron_pickaxe":1,"minecraft:bucket":1,"minecraft:white_wool":2},"minecraft:picked_up":{"minecraft:wooden_axe":2,"minecraft:iron_chestplate":1,"minecraft:magma_block":6,"minecraft:crafting_table":6,"minecraft:feather":2,"minecraft:chicken":4,"minecraft:andesite":10,"minecraft:leather":5,"minecraft:oak_log":16,"minecraft:gunpowder":2,"minecraft:lapis_lazuli":44,"minecraft:music_disc_cat":1,"minecraft:dirt":21,"minecraft:string":8,"minecraft:raw_copper":25,"minecraft:bone":5,"minecraft:wheat_seeds":5,"minecraft:cobbled_deepslate":1,"minecraft:bucket":2,"minecraft:beef":12,"minecraft:cobblestone_slab":6,"minecraft:iron_pickaxe":1,"minecraft:sugar_cane":18,"minecraft:chest":2,"minecraft:oak_planks":4,"minecraft:furnace":2,"minecraft:stick":2,"minecraft:raw_iron":72,"minecraft:pumpkin":29,"minecraft:music_disc_13":1,"minecraft:torch":20,"minecraft:gravel":1,"minecraft:porkchop":13,"minecraft:diorite":3,"minecraft:arrow":11,"minecraft:rotten_flesh":12,"minecraft:stone_axe":1,"minecraft:beetroot_seeds":12,"minecraft:granite":6,"minecraft:mutton":2,"minecraft:coal":76,"minecraft:hopper":1,"minecraft:white_wool":3,"minecraft:cobblestone":746},"minecraft:used":{"minecraft:water_bucket":58,"minecraft:stone_sword":133,"minecraft:stone_pickaxe":129,"minecraft:chest":2,"minecraft:shield":9,"minecraft:wooden_pickaxe":18,"minecraft:iron_sword":19,"minecraft:cobblestone_slab":11,"minecraft:iron_chestplate":2,"minecraft:white_wool":1,"minecraft:torch":60,"minecraft:dirt":18,"minecraft:mutton":2,"minecraft:hopper":4,"minecraft:crafting_table":7,"minecraft:granite":1,"minecraft:wooden_axe":36,"minecraft:iron_pickaxe":795,"minecraft:stone_axe":42,"minecraft:magma_block":2,"minecraft:cobblestone":273,"minecraft:beef":1,"minecraft:cooked_porkchop":2,"minecraft:furnace":3,"minecraft:porkchop":11,"minecraft:bucket":59,"minecraft:andesite":4,"minecraft:cooked_beef":8}},"DataVersion":3953}