{"stats":{"minecraft:broken":{"minecraft:stone_pickaxe":1},"minecraft:crafted":{"minecraft:cooked_beef":11,"minecraft:oak_planks":24,"minecraft:cooked_porkchop":2,"minecraft:crafting_table":1,"minecraft:cooked_chicken":4,"minecraft:wooden_pickaxe":1,"minecraft:furnace":1,"minecraft:stone_axe":1,"minecraft:air":0,"minecraft:iron_chestplate":1,"minecraft:shield":1,"minecraft:stick":16,"minecraft:iron_ingot":23,"minecraft:iron_pickaxe":1,"minecraft:stone_pickaxe":1,"minecraft:wooden_axe":1,"minecraft:stone_sword":1,"minecraft:torch":16},"minecraft:killed":{"minecraft:pig":7,"minecraft:spider":2,"minecraft:creeper":2,"minecraft:horse":1,"minecraft:sheep":1,"minecraft:skeleton":7,"minecraft:zombie":7,"minecraft:chicken":4,"minecraft:cow":5},"minecraft:custom":{"minecraft:interact_with_furnace":26,"minecraft:mob_kills":39,"minecraft:interact_with_crafting_table":11,"minecraft:time_since_death":7752,"minecraft:time_since_rest":7775,"minecraft:sprint_one_cm":90003,"minecraft:damage_taken":1285,"minecraft:walk_one_cm":143451,"minecraft:damage_blocked_by_shield":60,"minecraft:drop":5,"minecraft:damage_dealt":5263,"minecraft:swim_one_cm":22530,"minecraft:fly_one_cm":184568,"minecraft:open_chest":3,"minecraft:crouch_one_cm":36889,"minecraft:play_time":63340,"minecraft:deaths":3,"minecraft:sneak_time":9127,"minecraft:walk_under_water_one_cm":10237,"minecraft:jump":1048,"minecraft:walk_on_water_one_cm":10155,"minecraft:total_world_time":63340,"minecraft:fall_one_cm":29033},"minecraft:mined":{"minecraft:crafting_table":4,"minecraft:torch":2,"minecraft:short_grass":42,"minecraft:grass_block":9,"minecraft:chest":2,"minecraft:tall_grass":7,"minecraft:cobblestone":117,"minecraft:lapis_ore":6,"minecraft:sugar_cane":6,"minecraft:wall_torch":4,"minecraft:magma_block":6,"minecraft:furnace":1,"minecraft:iron_ore":28,"minecraft:andesite":7,"minecraft:pumpkin":29,"minecraft:oak_log":10,"minecraft:coal_ore":42,"minecraft:gravel":2,"minecraft:dirt":11,"minecraft:stone":130,"minecraft:white_wool":1,"minecraft:deepslate":1,"minecraft:oak_leaves":4},"minecraft:dropped":{"minecraft:wheat_seeds":2,"minecraft:cobbled_deepslate":1,"minecraft:dirt":3,"minecraft:iron_pickaxe":1},"minecraft:picked_up":{"minecraft:magma_block":6,"minecraft:crafting_table":4,"minecraft:feather":2,"minecraft:chicken":4,"minecraft:andesite":6,"minecraft:leather":5,"minecraft:oak_log":10,"minecraft:gunpowder":2,"minecraft:lapis_lazuli":44,"minecraft:music_disc_cat":1,"minecraft:dirt":21,"minecraft:string":8,"minecraft:bone":5,"minecraft:wheat_seeds":4,"minecraft:cobbled_deepslate":1,"minecraft:bucket":1,"minecraft:beef":12,"minecraft:iron_pickaxe":1,"minecraft:sugar_cane":18,"minecraft:chest":2,"minecraft:furnace":1,"minecraft:raw_iron":28,"minecraft:pumpkin":29,"minecraft:music_disc_13":1,"minecraft:torch":8,"minecraft:gravel":1,"minecraft:porkchop":13,"minecraft:arrow":10,"minecraft:rotten_flesh":3,"minecraft:beetroot_seeds":4,"minecraft:mutton":2,"minecraft:coal":57,"minecraft:white_wool":2,"minecraft:cobblestone":210},"minecraft:used":{"minecraft:water_bucket":47,"minecraft:stone_sword":44,"minecraft:stone_pickaxe":129,"minecraft:shield":2,"minecraft:wooden_pickaxe":18,"minecraft:iron_chestplate":1,"minecraft:white_wool":1,"minecraft:torch":24,"minecraft:dirt":18,"minecraft:mutton":2,"minecraft:crafting_table":4,"minecraft:wooden_axe":36,"minecraft:iron_pickaxe":193,"minecraft:stone_axe":34,"minecraft:magma_block":2,"minecraft:cobblestone":186,"minecraft:beef":1,"minecraft:cooked_porkchop":2,"minecraft:furnace":1,"minecraft:porkchop":11,"minecraft:bucket":48,"minecraft:andesite":4,"minecraft:cooked_beef":4}},"DataVersion":3953}