{"stats":{"minecraft:crafted":{"minecraft:oak_planks":24,"minecraft:cooked_porkchop":2,"minecraft:crafting_table":1,"minecraft:wooden_pickaxe":1,"minecraft:furnace":1,"minecraft:stone_axe":1,"minecraft:air":0,"minecraft:stick":16,"minecraft:stone_pickaxe":1,"minecraft:wooden_axe":1,"minecraft:stone_sword":1,"minecraft:torch":16},"minecraft:killed":{"minecraft:pig":7,"minecraft:spider":2,"minecraft:creeper":2,"minecraft:horse":1,"minecraft:sheep":1,"minecraft:skeleton":5,"minecraft:zombie":3,"minecraft:chicken":4,"minecraft:cow":5},"minecraft:custom":{"minecraft:interact_with_furnace":7,"minecraft:mob_kills":31,"minecraft:interact_with_crafting_table":6,"minecraft:time_since_death":32724,"minecraft:time_since_rest":32748,"minecraft:sprint_one_cm":43914,"minecraft:damage_taken":455,"minecraft:walk_one_cm":81147,"minecraft:drop":2,"minecraft:damage_dealt":3980,"minecraft:swim_one_cm":4501,"minecraft:fly_one_cm":89686,"minecraft:open_chest":3,"minecraft:crouch_one_cm":15483,"minecraft:play_time":33340,"minecraft:deaths":1,"minecraft:sneak_time":3745,"minecraft:walk_under_water_one_cm":1043,"minecraft:jump":505,"minecraft:walk_on_water_one_cm":4599,"minecraft:total_world_time":33340,"minecraft:fall_one_cm":12743},"minecraft:mined":{"minecraft:crafting_table":3,"minecraft:short_grass":37,"minecraft:grass_block":9,"minecraft:chest":2,"minecraft:tall_grass":2,"minecraft:cobblestone":18,"minecraft:lapis_ore":6,"minecraft:sugar_cane":6,"minecraft:wall_torch":2,"minecraft:iron_ore":12,"minecraft:andesite":4,"minecraft:pumpkin":29,"minecraft:oak_log":6,"minecraft:coal_ore":26,"minecraft:gravel":1,"minecraft:dirt":11,"minecraft:stone":31,"minecraft:white_wool":1,"minecraft:oak_leaves":2},"minecraft:dropped":{"minecraft:wheat_seeds":2},"minecraft:picked_up":{"minecraft:crafting_table":3,"minecraft:feather":2,"minecraft:chicken":4,"minecraft:andesite":4,"minecraft:leather":5,"minecraft:oak_log":6,"minecraft:gunpowder":2,"minecraft:lapis_lazuli":44,"minecraft:music_disc_cat":1,"minecraft:dirt":21,"minecraft:string":8,"minecraft:bone":4,"minecraft:wheat_seeds":4,"minecraft:bucket":1,"minecraft:beef":12,"minecraft:sugar_cane":18,"minecraft:chest":2,"minecraft:raw_iron":12,"minecraft:pumpkin":29,"minecraft:music_disc_13":1,"minecraft:torch":2,"minecraft:porkchop":13,"minecraft:arrow":7,"minecraft:rotten_flesh":2,"minecraft:beetroot_seeds":4,"minecraft:mutton":2,"minecraft:coal":26,"minecraft:white_wool":2,"minecraft:cobblestone":49},"minecraft:used":{"minecraft:stone_sword":14,"minecraft:stone_pickaxe":81,"minecraft:wooden_pickaxe":18,"minecraft:white_wool":1,"minecraft:torch":4,"minecraft:dirt":18,"minecraft:mutton":2,"minecraft:crafting_table":4,"minecraft:wooden_axe":36,"minecraft:stone_axe":27,"minecraft:cobblestone":33,"minecraft:beef":1,"minecraft:cooked_porkchop":1,"minecraft:furnace":1,"minecraft:porkchop":11,"minecraft:andesite":4}},"DataVersion":3953}