{"stats":{"minecraft:picked_up":{"minecraft:spruce_log":3,"minecraft:poppy":5,"minecraft:dirt":5},"minecraft:mined":{"minecraft:short_grass":2,"minecraft:spruce_log":3,"minecraft:grass_block":5,"minecraft:poppy":4},"minecraft:custom":{"minecraft:jump":73,"minecraft:time_since_rest":5460,"minecraft:crouch_one_cm":628,"minecraft:sprint_one_cm":9022,"minecraft:play_time":5460,"minecraft:time_since_death":5460,"minecraft:walk_one_cm":4674,"minecraft:sneak_time":261,"minecraft:total_world_time":5460,"minecraft:fall_one_cm":1045,"minecraft:fly_one_cm":15637},"minecraft:used":{"minecraft:poppy":4,"minecraft:dirt":4}},"DataVersion":3953}